Jimmie,Braun,anabelle@haag.io,(266) 443-4027,2016-10-05 17:34:25 -0500
Steve,Dare,amira_fadel@beattynolan.name,1-391-753-6828 x80509,2016-10-05 11:59:49 -0500
Camron,Mertz,barney_koelpin@goodwin.info,953-422-8125 x962,2016-10-04 06:45:47 -0500
Deon,Spinka,daren_beer@sipes.biz,1-814-039-4764,2016-10-04 00:09:20 -0500
Jeremy,Luettgen,santiago_wyman@langworth.net,1-759-414-2285,2016-10-04 04:41:41 -0500
Hilario,Balistreri,anibal_dietrich@schoenbuckridge.co,122-651-0627,2016-10-04 14:54:02 -0500
Boyd,Corwin,hal@vonlubowitz.biz,1-879-622-6740 x56775,2016-10-05 08:22:16 -0500
Fritz,Wyman,sherwood.hansen@erdmanlesch.io,1-636-712-1924 x5479,2016-10-04 01:38:19 -0500
Timmothy,Windler,eldon_adams@morar.co,1-203-657-6685,2016-10-04 07:11:41 -0500
Camylle,Hand,claudie.block@oconner.info,1-949-076-0796,2016-10-05 20:57:35 -0500
Bruce,Kessler,madisyn@volkmanoconner.io,(158) 360-1185 x504,2016-10-04 01:02:40 -0500
Antonette,Kozey,cali@metz.info,1-721-536-9619 x6720,2016-10-05 22:28:52 -0500
Ronny,Stehr,tobin.erdman@robertswisoky.co,997.757.2240,2016-10-05 06:42:12 -0500
Florence,O'Keefe,mary@konopelski.biz,619-701-0996 x237,2016-10-04 05:10:18 -0500
Kris,Tromp,zella@graham.biz,494-650-3479,2016-10-05 19:59:31 -0500
Lane,Lind,theodore.murphy@kuhlman.org,1-597-430-1692 x089,2016-10-05 13:16:14 -0500
Reagan,Zieme,celestine.gerhold@bahringerkub.org,1-499-616-9103 x203,2016-10-04 17:47:00 -0500
Santiago,Smitham,durward.abshire@goyette.net,1-214-525-0613 x03358,2016-10-04 15:56:27 -0500
Jermain,Howe,laila_steuber@witting.info,383-652-3833 x0219,2016-10-05 10:54:20 -0500
Riley,Reichert,rodrigo@crist.name,1-338-493-8175 x4787,2016-10-04 19:04:12 -0500
